5584280,1333036945,61785,443,1.037789,5,362,172,46,72.4,3106.8,0.346052,0.001314,0.259447,0.029615,4,248,104,46,62,792,0.347193,8.00E-06,0.230827,0.039959,-1
5584209,1333036945,61782,443,8.966394,8,508,174,46,63.5,2000.857143,4.045189,0.001493,1.280913,2.523187,5,294,104,46,58.8,645.2,4.045064,0.000139,1.411292,3.38048,-1
88025927,1333100580,56024,443,0.327809,5,406,216,46,81.2,5685.2,0.111309,0.000874,0.081952,0.002925,4,248,104,46,62,792,0.111075,0.000125,0.073754,0.004066,-1
88026202,1333100580,56049,443,0.656509,6,564,187,46,94,5194.8,0.327802,0.000883,0.131302,0.014271,4,248,104,46,62,792,0.436133,5.00E-06,0.181939,0.051468,-1
88026191,1333100580,56041,443,2.644226,8,898,177,46,112.25,4795.357143,1.320249,0.001125,0.377747,0.221708,4,248,104,46,62,792,2.422368,2.00E-06,0.844471,1.870401,-1
88026320,1333100581,56051,443,0.324556,5,406,216,46,81.2,5685.2,0.108674,0.001141,0.081139,0.002845,4,248,104,46,62,792,0.108801,5.00E-06,0.072498,0.003941,-1
88026825,1333100581,56065,443,0.330683,5,401,211,46,80.2,5353.2,0.110813,0.001497,0.082671,0.00293,4,248,104,46,62,792,0.112158,0.00012,0.073365,0.004028,-1
88027196,1333100581,56072,443,0.316566,5,378,188,46,75.6,3954.8,0.111962,0.001108,0.079141,0.00274,4,248,104,46,62,792,0.1128,4.00E-06,0.072914,0.003999,-1
88027331,1333100581,56075,443,0.334685,5,399,209,46,79.8,5223.2,0.114577,0.000847,0.083671,0.003055,4,248,104,46,62,792,0.110641,2.00E-06,0.073274,0.004027,-1
88027065,1333100581,56068,443,3.321605,6,453,211,46,75.5,4415.1,2.996175,0.001249,0.664321,1.701372,4,248,104,46,62,792,0.11031,5.00E-06,0.072875,0.003984,-1
88027591,1333100582,56083,443,0.319828,5,402,212,46,80.4,5418.8,0.107681,0.000504,0.079957,0.002807,4,248,104,46,62,792,0.107067,2.00E-06,0.070714,0.003751,-1
88027712,1333100582,56084,443,0.328446,5,401,211,46,80.2,5353.2,0.109944,0.000999,0.082111,0.002925,4,248,104,46,62,792,0.110176,3.00E-06,0.072789,0.003974,-1
88028199,1333100582,56089,443,0.315573,5,400,210,46,80,5288,0.109308,0.001126,0.078893,0.002704,4,248,104,46,62,792,0.11045,2.00E-06,0.07,0.003705,-1
88027984,1333100582,56088,443,9.459879,7,506,216,46,72.285714,4023.238095,5.997219,0.000739,1.576646,6.024509,4,244,104,46,61,822.666667,0.162657,3.00E-06,0.104687,0.008251,-1
88029842,1333100584,56094,443,0.278852,5,399,209,46,79.8,5223.2,0.097317,0.000254,0.069713,0.002154,4,248,104,46,62,792,0.091455,5.00E-06,0.060676,0.002761,-1
88030547,1333100584,56097,443,3.328776,6,454,212,46,75.666667,4469.466667,3.001548,0.000883,0.665755,1.707163,4,248,104,46,62,792,0.111691,5.00E-06,0.073296,0.004032,-1
88030723,1333100584,56098,443,3.332366,6,452,210,46,75.333333,4361.066667,3.001574,0.00054,0.666473,1.706218,4,248,104,46,62,792,0.110824,2.00E-06,0.073711,0.004075,-1
88032168,1333100586,56099,443,0.322683,5,394,204,46,78.8,4905.2,0.108945,0.000726,0.080671,0.002843,4,249,105,46,62.25,820.25,0.109313,0.00014,0.07151,0.003825,-1
88033212,1333100586,56103,443,0.310552,5,400,210,46,80,5288,0.106423,0.001127,0.077638,0.002607,4,248,104,46,62,792,0.102552,0.000124,0.068121,0.003468,-1
88033296,1333100587,56104,443,0.325325,5,401,211,46,80.2,5353.2,0.110825,0.00111,0.081331,0.002865,4,248,104,46,62,792,0.111703,3.00E-06,0.072417,0.003942,-1
88033725,1333100587,56107,443,0.3187,5,400,210,46,80,5288,0.107926,0.000638,0.079675,0.00278,4,248,104,46,62,792,0.108455,2.00E-06,0.070633,0.003748,-1
88033881,1333100587,56108,443,0.321568,5,401,211,46,80.2,5353.2,0.109436,0.000508,0.080392,0.002842,4,248,104,46,62,792,0.109433,0.000121,0.071251,0.003801,-1
88040260,1333100592,56123,443,0.470483,5,391,201,46,78.2,4719.2,0.160787,0.00051,0.117621,0.006104,4,248,104,46,62,792,0.154918,7.00E-06,0.103153,0.007979,-1
88040295,1333100592,56126,443,0.472975,5,369,179,46,73.8,3465.2,0.159283,0.001008,0.118244,0.006112,4,248,104,46,62,792,0.158661,0.000123,0.104607,0.008191,-1
88040292,1333100592,56125,443,1.119862,6,414,178,46,69,2857.2,0.646506,0.001259,0.223972,0.060364,5,294,104,46,58.8,645.2,0.646497,2.00E-06,0.240142,0.078871,-1
88069605,1333100616,56187,443,0.337277,5,398,208,46,79.6,5158.8,0.113319,0.000495,0.084319,0.003124,4,248,104,46,62,792,0.113807,2.00E-06,0.074744,0.004193,-1
88069897,1333100616,56197,443,0.346196,5,398,208,46,79.6,5158.8,0.116298,0.003252,0.086549,0.003086,4,248,104,46,62,792,0.121067,2.00E-06,0.078373,0.004619,-1
88070024,1333100616,56201,443,0.340291,5,401,211,46,80.2,5353.2,0.117794,0.001145,0.085073,0.003142,4,248,104,46,62,792,0.118892,4.00E-06,0.076406,0.004396,-1
88070025,1333100616,56202,443,0.330196,5,400,210,46,80,5288,0.114044,0.001108,0.082549,0.002957,4,248,104,46,62,792,0.115554,0.00012,0.074416,0.004156,-1
88070297,1333100616,56212,443,0.883602,6,445,209,46,74.166667,4368.966667,0.544687,0.0005,0.17672,0.044688,5,294,104,46,58.8,645.2,0.544822,0.000107,0.193579,0.057757,-1
88082273,1333100627,56223,443,0.314201,5,401,211,46,80.2,5353.2,0.108029,0.000668,0.07855,0.002702,4,248,104,46,62,792,0.107932,2.00E-06,0.070293,0.003712,-1
88082627,1333100628,56230,443,0.336689,5,400,210,46,80,5288,0.119189,0.001606,0.084172,0.003058,4,248,104,46,62,792,0.119417,1.60E-05,0.076585,0.004418,-1
88082633,1333100628,56231,443,0.335569,5,400,210,46,80,5288,0.115191,0.003091,0.083892,0.002911,4,248,104,46,62,792,0.115937,0.000131,0.075967,0.004318,-1
88082805,1333100628,56235,443,0.36916,5,401,211,46,80.2,5353.2,0.127673,0.001097,0.09229,0.003716,4,248,104,46,62,792,0.1279,3.00E-06,0.084162,0.005315,-1
88082804,1333100628,56236,443,0.369857,5,401,211,46,80.2,5353.2,0.127926,0.001376,0.092464,0.003708,4,248,104,46,62,792,0.128514,2.00E-06,0.08441,0.005347,-1
88084490,1333100629,56239,443,0.426261,5,401,211,46,80.2,5353.2,0.145558,0.000507,0.106565,0.005014,4,248,104,46,62,792,0.145395,4.00E-06,0.094146,0.006665,-1
88084627,1333100629,56243,443,4.057071,7,499,211,46,71.285714,3803.571429,2.995307,0.001613,0.676178,1.335742,5,294,104,46,58.8,645.2,0.621279,2.00E-06,0.230185,0.072971,-1
88088317,1333100633,56244,443,0.439552,5,401,211,46,80.2,5353.2,0.148538,0.000992,0.109888,0.005275,4,248,104,46,62,792,0.149414,2.00E-06,0.098775,0.007319,-1
88098508,1333100641,56254,443,1.741387,7,654,209,46,93.428571,6237.952381,0.717963,0.001025,0.290231,0.071358,5,294,104,46,58.8,645.2,0.717947,5.00E-06,0.392272,0.132671,-1
88104684,1333100647,56263,443,3.328727,6,402,160,46,67,2084.4,3.001544,0.000748,0.665745,1.707176,4,248,104,46,62,792,0.10995,0.0001,0.072997,0.003986,-1
88105997,1333100648,56276,443,0.334421,5,400,210,46,80,5288,0.111425,0.001646,0.083605,0.002986,4,248,104,46,62,792,0.113308,3.00E-06,0.074597,0.004175,-1
88105998,1333100648,56277,443,0.333274,5,401,211,46,80.2,5353.2,0.11179,0.000631,0.083318,0.003039,4,248,104,46,62,792,0.112061,3.00E-06,0.074221,0.004132,-1
88106228,1333100648,56280,443,0.330805,5,399,209,46,79.8,5223.2,0.11115,0.000827,0.082701,0.00298,4,248,104,46,62,792,0.111826,1.00E-05,0.073921,0.004098,-1
88106486,1333100648,56286,443,0.328692,5,406,216,46,81.2,5685.2,0.111402,0.001522,0.082173,0.002894,4,248,104,46,62,792,0.112434,0.000102,0.073209,0.004016,-1
88106488,1333100648,56287,443,0.327568,5,406,216,46,81.2,5685.2,0.111329,0.000877,0.081892,0.002921,4,248,104,46,62,792,0.111674,5.00E-06,0.072913,0.003992,-1
88107491,1333100649,56290,443,0.32509,5,364,174,46,72.8,3207.2,0.109426,0.001521,0.081273,0.002828,4,248,104,46,62,792,0.110696,4.60E-05,0.072602,0.003952,-1
88113165,1333100654,56294,443,0.327951,5,401,211,46,80.2,5353.2,0.111559,0.001375,0.081988,0.002895,4,248,104,46,62,792,0.110934,2.00E-06,0.072169,0.003913,-1
88113175,1333100654,56296,443,0.328688,5,401,211,46,80.2,5353.2,0.110562,0.001384,0.082172,0.002902,4,248,104,46,62,792,0.109148,4.80E-05,0.072708,0.00396,-1
88118027,1333100658,56307,443,0.360056,5,402,212,46,80.4,5418.8,0.122439,0.001373,0.090014,0.003499,4,248,104,46,62,792,0.123431,2.00E-06,0.079749,0.004784,-1
88121406,1333100661,56311,443,0.437249,5,401,211,46,80.2,5353.2,0.146909,0.001245,0.109312,0.005192,4,248,104,46,62,792,0.147293,5.00E-06,0.097906,0.007189,-1
88131637,1333100666,56312,443,0.326333,5,400,210,46,80,5288,0.110696,0.001239,0.081583,0.002873,4,248,104,46,62,792,0.109466,2.00E-06,0.071876,0.003877,-1
88167490,1333100674,56315,443,0.2113,3,308,210,46,102.666667,8649.333333,0.109794,0.000636,0.055215,0.005958,3,144,52,46,48,12,0.111193,0.000422,0.055807,0.006135,-1
88191178,1333100684,56325,443,0.843275,5,401,211,46,80.2,5353.2,0.280465,0.003239,0.210819,0.019151,4,248,104,46,62,792,0.284102,3.00E-06,0.187979,0.026506,-1
88194415,1333100687,56341,443,0.847271,5,400,210,46,80,5288,0.282611,0.000988,0.211818,0.019755,4,248,104,46,62,792,0.283214,3.00E-06,0.188481,0.026643,-1
88194868,1333100687,56344,443,0.786937,5,442,252,46,88.4,8370.8,0.262481,0.000619,0.196734,0.017094,4,248,104,46,62,792,0.26285,8.00E-06,0.174992,0.022965,-1
88199098,1333100691,56348,443,0.797686,5,401,211,46,80.2,5353.2,0.2656,0.001237,0.199422,0.017456,4,248,104,46,62,792,0.2672,2.00E-06,0.177517,0.023635,-1
88199161,1333100691,56349,443,0.803304,5,400,210,46,80,5288,0.268078,0.000906,0.200826,0.017764,4,248,104,46,62,792,0.26861,6.00E-06,0.178738,0.023959,-1
88199178,1333100691,56350,443,0.880127,5,402,212,46,80.4,5418.8,0.293088,0.002271,0.220032,0.021076,4,248,104,46,62,792,0.295717,2.00E-06,0.195974,0.028807,-1
88199911,1333100691,56353,443,0.871265,5,400,210,46,80,5288,0.289461,0.003115,0.217816,0.020487,4,248,104,46,62,792,0.292832,2.00E-06,0.194008,0.028232,-1
88237106,1333100722,56372,443,0.851433,5,399,209,46,79.8,5223.2,0.283963,0.000875,0.212858,0.019972,4,248,104,46,62,792,0.284345,2.00E-06,0.189395,0.026902,-1
88237972,1333100723,56375,443,0.831481,5,401,211,46,80.2,5353.2,0.276971,0.001258,0.20787,0.018973,4,248,104,46,62,792,0.27769,2.00E-06,0.184844,0.025625,-1
88237973,1333100723,56376,443,0.857136,5,401,211,46,80.2,5353.2,0.285719,0.001489,0.214284,0.020125,4,248,104,46,62,792,0.28671,2.00E-06,0.190729,0.027283,-1
88238019,1333100723,56382,443,0.821036,5,401,211,46,80.2,5353.2,0.27359,0.001255,0.205259,0.018497,4,248,104,46,62,792,0.274594,1.00E-06,0.182609,0.02501,-1
88238020,1333100723,56383,443,0.880628,5,401,211,46,80.2,5353.2,0.293505,0.001382,0.220157,0.021272,4,248,104,46,62,792,0.294578,5.00E-06,0.195892,0.028779,-1
88245889,1333100729,56390,443,0.865631,5,401,211,46,80.2,5353.2,0.288588,0.001377,0.216408,0.02055,4,248,104,46,62,792,0.289585,0.000125,0.192599,0.027785,-1
88246268,1333100729,56396,443,0.907594,5,400,210,46,80,5288,0.302689,0.001013,0.226899,0.022678,4,248,104,46,62,792,0.303354,4.00E-06,0.201971,0.030593,-1
88252089,1333100734,56411,443,0.846633,5,400,210,46,80,5288,0.28215,0.001258,0.211658,0.019675,4,248,104,46,62,792,0.282974,0.000125,0.188309,0.02656,-1
88253450,1333100735,56413,443,0.837503,5,400,210,46,80,5288,0.279463,0.001237,0.209376,0.019254,4,248,104,46,62,792,0.280083,9.90E-05,0.186431,0.02604,-1
88253513,1333100735,56414,443,0.834872,5,401,211,46,80.2,5353.2,0.278753,0.00087,0.208718,0.019201,4,248,104,46,62,792,0.278864,3.00E-06,0.18586,0.025907,-1
88254132,1333100736,56415,443,0.827444,5,400,210,46,80,5288,0.275836,0.001374,0.206861,0.018767,4,248,104,46,62,792,0.276864,0.000121,0.184147,0.0254,-1
88264561,1333100744,56421,443,0.86775,5,400,210,46,80,5288,0.289433,0.001651,0.216937,0.020599,4,248,104,46,62,792,0.290705,4.00E-06,0.193147,0.027979,-1
88264651,1333100744,56422,443,0.851642,5,401,211,46,80.2,5353.2,0.28408,0.000628,0.21291,0.020029,4,248,104,46,62,792,0.284806,2.00E-06,0.189476,0.026926,-1
88265210,1333100745,56428,443,0.907381,5,406,216,46,81.2,5685.2,0.302572,0.000883,0.226845,0.022693,4,248,104,46,62,792,0.303084,4.00E-06,0.201753,0.030527,-1
88268628,1333100747,56429,443,0.820289,5,401,211,46,80.2,5353.2,0.273814,0.001138,0.205072,0.018484,4,248,104,46,62,792,0.274599,1.90E-05,0.18257,0.024994,-1
88272659,1333100751,56431,443,0.74735,5,929,739,46,185.8,95641.2,0.25289,0.001382,0.186838,0.015303,4,993,849,46,248.25,160408.25,0.256325,8.70E-05,0.16806,0.02118,-1
88275197,1333100753,56435,443,0.773694,5,400,210,46,80,5288,0.258109,0.00049,0.193424,0.016544,4,248,104,46,62,792,0.258354,2.00E-06,0.172069,0.022205,-1
88276820,1333100754,56441,443,0.87088,5,401,211,46,80.2,5353.2,0.290331,0.000746,0.21772,0.020923,4,248,104,46,62,792,0.291251,9.50E-05,0.193724,0.02812,-1
88276901,1333100754,56442,443,0.881537,5,406,216,46,81.2,5685.2,0.294215,0.001251,0.220384,0.021342,4,248,104,46,62,792,0.294586,9.70E-05,0.196221,0.028849,-1
88278264,1333100755,56445,443,0.799143,5,363,173,46,72.6,3156.8,0.267184,0.000865,0.199786,0.017587,4,248,104,46,62,792,0.26682,2.00E-06,0.177808,0.023711,-1
88278409,1333100756,56446,443,0.881926,5,363,173,46,72.6,3156.8,0.293985,0.000822,0.220481,0.021445,4,248,104,46,62,792,0.294704,1.00E-05,0.196186,0.028864,-1
88279448,1333100756,56451,443,0.804888,5,401,211,46,80.2,5353.2,0.26819,0.001383,0.201222,0.017749,4,248,104,46,62,792,0.269707,8.00E-06,0.179186,0.02408,-1
88280148,1333100757,56455,443,0.866399,5,400,210,46,80,5288,0.289833,0.001241,0.2166,0.020614,4,248,104,46,62,792,0.289339,2.00E-06,0.192888,0.027904,-1
88280690,1333100757,56462,443,0.869664,5,399,209,46,79.8,5223.2,0.289859,0.000856,0.217416,0.020844,4,248,104,46,62,792,0.290342,4.00E-06,0.193307,0.028025,-1
88281915,1333100758,56465,443,0.837853,5,386,196,46,77.2,4417.2,0.279176,0.00162,0.209463,0.0192,4,248,104,46,62,792,0.281108,2.00E-06,0.186567,0.026106,-1
88282162,1333100759,56466,443,0.868139,5,386,196,46,77.2,4417.2,0.289448,0.001507,0.217035,0.020646,4,248,104,46,62,792,0.290607,8.00E-06,0.193184,0.027988,-1
88290568,1333100766,56477,443,0.868125,5,400,210,46,80,5288,0.289708,0.000745,0.217031,0.020791,4,248,104,46,62,792,0.289581,4.00E-06,0.192764,0.027868,-1
88291983,1333100767,56488,443,0.828271,5,353,163,46,70.6,2674.8,0.276075,0.001095,0.207068,0.018856,4,248,104,46,62,792,0.276706,2.00E-06,0.184153,0.025434,-1
88292162,1333100767,56489,443,0.808527,5,353,163,46,70.6,2674.8,0.2696,0.001122,0.202132,0.017958,4,248,104,46,62,792,0.270474,5.00E-06,0.179907,0.024274,-1
88292250,1333100767,56492,443,0.831146,5,439,249,46,87.8,8127.2,0.277069,0.00089,0.207787,0.019025,4,248,104,46,62,792,0.277472,6.90E-05,0.184685,0.025563,-1
88300156,1333100774,56497,443,0.858639,5,401,211,46,80.2,5353.2,0.286202,0.000628,0.21466,0.02036,4,248,104,46,62,792,0.286817,2.00E-06,0.190855,0.027319,-1
88302283,1333100775,56501,443,0.862375,5,400,210,46,80,5288,0.287592,0.000494,0.215594,0.020564,4,248,104,46,62,792,0.288093,0.000217,0.19186,0.027545,-1
88307201,1333100779,56510,443,0.837691,5,401,211,46,80.2,5353.2,0.279831,0.000882,0.209423,0.019329,4,248,104,46,62,792,0.280459,9.00E-06,0.18636,0.026046,-1
88323862,1333100793,56521,443,0.838157,5,388,198,46,77.6,4536.8,0.279472,0.000992,0.209539,0.01933,4,248,104,46,62,792,0.280086,6.00E-06,0.186436,0.026067,-1
88332811,1333100800,56532,443,0.875755,5,401,211,46,80.2,5353.2,0.292328,0.000749,0.218939,0.021159,4,248,104,46,62,792,0.292454,2.00E-06,0.194763,0.028449,-1
88333127,1333100800,56540,443,0.803803,5,406,216,46,81.2,5685.2,0.268368,0.001375,0.200951,0.017703,4,248,104,46,62,792,0.268835,5.00E-06,0.178894,0.024001,-1
88335455,1333100802,56544,443,0.79242,5,401,211,46,80.2,5353.2,0.264374,0.000994,0.198105,0.017268,4,248,104,46,62,792,0.264841,0.000122,0.176319,0.023284,-1
88335533,1333100802,56548,443,0.89378,5,400,210,46,80,5288,0.298181,0.00127,0.223445,0.021939,4,248,104,46,62,792,0.299204,4.00E-06,0.198972,0.029692,-1
88338811,1333100805,56552,443,0.885614,5,401,211,46,80.2,5353.2,0.305324,0.000871,0.221404,0.02167,4,248,104,46,62,792,0.290535,0.016171,0.198757,0.025003,-1
88338917,1333100805,56553,443,0.827152,5,400,210,46,80,5288,0.276316,0.000527,0.206788,0.018909,4,248,104,46,62,792,0.276499,1.10E-05,0.184026,0.025396,-1
88341359,1333100807,56555,443,0.800272,5,401,211,46,80.2,5353.2,0.266732,0.000872,0.200068,0.017635,4,248,104,46,62,792,0.267704,1.20E-05,0.178022,0.023766,-1
88341437,1333100807,56557,443,0.86314,5,401,211,46,80.2,5353.2,0.288087,0.000753,0.215785,0.020551,4,248,104,46,62,792,0.288467,2.30E-05,0.192064,0.02766,-1
88343462,1333100808,56560,443,0.838147,5,400,210,46,80,5288,0.279338,0.001623,0.209537,0.019213,4,248,104,46,62,792,0.280476,2.00E-06,0.186478,0.026081,-1
88346873,1333100811,56569,443,0.797035,5,401,211,46,80.2,5353.2,0.267088,0.000756,0.199259,0.017514,4,248,104,46,62,792,0.267476,0.000114,0.177524,0.023607,-1
88346974,1333100811,56570,443,0.823283,5,400,210,46,80,5288,0.274357,0.001492,0.205821,0.018556,4,248,104,46,62,792,0.27583,3.00E-06,0.183212,0.025175,-1
88346998,1333100811,56571,443,0.845375,5,401,211,46,80.2,5353.2,0.281696,0.001014,0.211344,0.019662,4,248,104,46,62,792,0.28223,9.00E-06,0.187912,0.026481,-1
88348031,1333100812,56575,443,0.898837,5,401,211,46,80.2,5353.2,0.299468,0.001372,0.224709,0.022169,4,248,104,46,62,792,0.300968,0.000123,0.200054,0.02998,-1
88348138,1333100812,56577,443,0.863872,5,401,211,46,80.2,5353.2,0.288084,0.00149,0.215968,0.020445,4,248,104,46,62,792,0.289212,3.00E-06,0.192222,0.027712,-1
88349230,1333100813,56578,443,0.867288,5,401,211,46,80.2,5353.2,0.289215,0.00099,0.216822,0.020704,4,248,104,46,62,792,0.289714,2.00E-06,0.193063,0.027954,-1
88349334,1333100813,56582,443,0.838014,5,401,211,46,80.2,5353.2,0.279594,0.001127,0.209504,0.019298,4,248,104,46,62,792,0.280582,5.00E-06,0.186553,0.026101,-1
88349451,1333100813,56586,443,0.813796,5,381,191,46,76.2,4125.2,0.271351,0.001129,0.203449,0.018193,4,248,104,46,62,792,0.27206,9.00E-06,0.180979,0.024563,-1
88349304,1333100813,56579,443,3.136589,7,820,210,46,117.142857,7549.142857,1.566218,0.001361,0.522765,0.324737,4,248,104,46,62,792,2.607295,0.000147,0.957423,2.059072,-1
88349963,1333100814,56589,443,0.787668,5,406,216,46,81.2,5685.2,0.263218,0.000829,0.196917,0.01709,4,248,104,46,62,792,0.263322,2.00E-06,0.175352,0.023061,-1
88350546,1333100814,56592,443,0.838396,5,401,211,46,80.2,5353.2,0.279848,0.000973,0.209599,0.019345,4,248,104,46,62,792,0.280237,1.70E-05,0.186525,0.026089,-1
88352587,1333100816,56594,443,0.88487,5,401,211,46,80.2,5353.2,0.29496,0.001112,0.221217,0.021532,4,248,104,46,62,792,0.295558,5.00E-06,0.196659,0.029005,-1
88352671,1333100816,56596,443,0.835769,5,400,210,46,80,5288,0.278726,0.001237,0.208942,0.019174,4,248,104,46,62,792,0.28009,4.00E-06,0.185978,0.025941,-1
88353734,1333100817,56597,443,0.845137,5,401,211,46,80.2,5353.2,0.281973,0.000863,0.211284,0.019679,4,248,104,46,62,792,0.282211,0.000129,0.188018,0.026477,-1
88354169,1333100817,56599,443,0.827644,5,406,216,46,81.2,5685.2,0.275844,0.001237,0.206911,0.018801,4,248,104,46,62,792,0.276717,0.000209,0.184187,0.025386,-1
88359537,1333100822,56603,443,0.817905,5,401,211,46,80.2,5353.2,0.272524,0.000949,0.204476,0.01841,4,248,104,46,62,792,0.273466,4.00E-06,0.1819,0.024815,-1
88359606,1333100822,56606,443,0.833278,5,400,210,46,80,5288,0.277507,0.001473,0.208319,0.019016,4,248,104,46,62,792,0.27947,5.00E-06,0.185526,0.025815,-1
88359690,1333100822,56611,443,0.807423,5,376,186,46,75.2,3843.2,0.269343,0.000747,0.201856,0.017976,4,248,104,46,62,792,0.269718,4.00E-06,0.179575,0.024184,-1
88361287,1333100823,56613,443,0.862513,5,400,210,46,80,5288,0.287757,0.001089,0.215628,0.020457,4,248,104,46,62,792,0.288331,2.00E-06,0.19189,0.027616,-1
88361457,1333100823,56614,443,0.863503,5,401,211,46,80.2,5353.2,0.288201,0.000474,0.215876,0.020621,4,248,104,46,62,792,0.288085,0.000124,0.192055,0.027628,-1
88361636,1333100824,56617,443,0.837611,5,401,211,46,80.2,5353.2,0.279396,0.000947,0.209403,0.019313,4,248,104,46,62,792,0.280103,3.90E-05,0.186369,0.026039,-1
88362599,1333100824,56618,443,0.817948,5,401,211,46,80.2,5353.2,0.273361,0.000709,0.204487,0.018456,4,248,104,46,62,792,0.27285,0.000129,0.181566,0.02469,-1
88362673,1333100824,56620,443,0.849515,5,400,210,46,80,5288,0.28337,0.000622,0.212379,0.019929,4,248,104,46,62,792,0.283751,0.00011,0.188933,0.026741,-1
88363023,1333100825,56621,443,0.908864,5,400,210,46,80,5288,0.302935,0.000901,0.227216,0.022764,4,248,104,46,62,792,0.303459,4.00E-06,0.202094,0.03063,-1
88364729,1333100826,56627,443,0.791563,5,401,211,46,80.2,5353.2,0.263951,0.001111,0.197891,0.01721,4,248,104,46,62,792,0.265088,2.00E-06,0.176147,0.023271,-1
88364803,1333100826,56628,443,0.795691,5,400,210,46,80,5288,0.265376,0.001855,0.198923,0.017261,4,248,104,46,62,792,0.2676,0.000126,0.177316,0.02355,-1
88366412,1333100828,56631,443,0.823901,5,399,209,46,79.8,5223.2,0.27453,0.001195,0.205975,0.018638,4,248,104,46,62,792,0.275964,3.00E-06,0.183349,0.025213,-1
88366657,1333100828,56633,443,0.805491,5,400,210,46,80,5288,0.268324,0.001015,0.201373,0.017841,4,248,104,46,62,792,0.269352,9.90E-05,0.179234,0.024067,-1
88367029,1333100828,56634,443,0.868514,5,406,216,46,81.2,5685.2,0.289557,0.00025,0.217128,0.020905,4,248,104,46,62,792,0.289841,0.000118,0.193056,0.027919,-1
88367032,1333100828,56635,443,0.815669,5,406,216,46,81.2,5685.2,0.272103,0.001111,0.203917,0.01828,4,248,104,46,62,792,0.272471,6.00E-06,0.181457,0.024693,-1
88368224,1333100829,56636,443,0.905933,5,400,210,46,80,5288,0.303582,0.000627,0.226483,0.022673,4,248,104,46,62,792,0.302839,0.000101,0.201721,0.030488,-1
88371902,1333100832,56642,443,0.80932,5,388,198,46,77.6,4536.8,0.269965,0.001494,0.20233,0.017927,4,248,104,46,62,792,0.271347,3.00E-06,0.180148,0.024341,-1
88373019,1333100833,56673,443,0.842643,5,374,184,46,74.8,3733.2,0.280966,0.001728,0.210661,0.019402,4,248,104,46,62,792,0.281723,0.000123,0.187511,0.026336,-1
88373165,1333100833,56674,443,0.815397,5,375,185,46,75,3788,0.272006,0.001374,0.203849,0.018221,4,248,104,46,62,792,0.272589,3.00E-06,0.181479,0.0247,-1
88390393,1333100849,56680,443,0.892234,5,400,210,46,80,5288,0.298047,0.001158,0.223059,0.021885,4,248,104,46,62,792,0.297953,4.00E-06,0.198554,0.029567,-1
88430510,1333100882,56698,443,0.810168,5,399,209,46,79.8,5223.2,0.269964,0.001509,0.202542,0.017962,4,248,104,46,62,792,0.271349,0.000111,0.18036,0.024368,-1
103248909,1333113981,61189,443,0.374908,5,387,197,46,77.4,4476.8,0.126176,0.000626,0.093727,0.003855,4,248,104,46,62,792,0.127269,0.000132,0.083152,0.005176,-1
103249087,1333113982,61199,443,1.336246,6,389,153,46,64.833333,1871.366667,0.756955,0.001287,0.267249,0.081814,5,294,104,46,58.8,645.2,0.757206,1.00E-06,0.287027,0.106742,-1
103249605,1333113982,61242,443,0.389896,5,407,217,46,81.4,5752.8,0.133929,0.001135,0.097474,0.004135,4,248,104,46,62,792,0.133805,0.000251,0.087741,0.005746,-1
103249088,1333113982,61200,443,3.501393,6,395,153,46,65.833333,1832.166667,3.001315,0.001414,0.700279,1.659711,4,248,104,46,62,792,0.167905,2.00E-06,0.111646,0.009349,-1
103249831,1333113983,61249,443,0.386632,5,394,204,46,78.8,4905.2,0.132029,0.000626,0.096658,0.004105,4,248,104,46,62,792,0.128052,0.000123,0.084869,0.005387,-1
103261220,1333113997,61411,443,0.552047,5,348,158,46,69.6,2448.8,0.183892,0.000766,0.138012,0.008372,4,248,104,46,62,792,0.184665,8.00E-06,0.122808,0.01131,-1
103261223,1333113997,61413,443,0.345966,5,371,181,46,74.2,3571.2,0.117066,0.000873,0.086492,0.003265,4,248,104,46,62,792,0.117559,0.00012,0.078123,0.004564,-1
103261280,1333113997,61416,443,0.354637,5,388,198,46,77.6,4536.8,0.122909,0.001238,0.088659,0.003422,4,248,104,46,62,792,0.120426,3.00E-06,0.077217,0.004493,-1
103261281,1333113997,61417,443,0.345313,5,361,171,46,72.2,3057.2,0.119434,0.001122,0.086328,0.003249,4,248,104,46,62,792,0.117189,2.00E-06,0.075248,0.004265,-1
103261282,1333113997,61418,443,0.551061,5,387,197,46,77.4,4476.8,0.18427,0.001167,0.137765,0.008294,4,248,104,46,62,792,0.18502,4.00E-06,0.123189,0.011381,-1
103261225,1333113997,61415,443,2.193009,7,703,171,46,100.428571,4362.285714,1.079003,0.000491,0.365502,0.152541,4,248,104,46,62,792,1.816465,2.00E-06,0.669336,0.9961,-1
103261652,1333113998,61422,443,0.347811,5,362,172,46,72.4,3106.8,0.116569,0.001131,0.086953,0.003275,4,248,104,46,62,792,0.116927,2.00E-06,0.07729,0.004481,-1
103261850,1333113998,61423,443,0.338425,5,392,202,46,78.4,4780.8,0.114186,0.000859,0.084606,0.003119,4,248,104,46,62,792,0.112053,0.000116,0.07471,0.004173,-1
103261856,1333113998,61424,443,0.561567,5,378,188,46,75.6,3954.8,0.186774,0.008853,0.140392,0.007696,4,249,105,46,62.25,820.25,0.193504,9.70E-05,0.126137,0.011933,-1
103261883,1333113998,61425,443,2.196006,7,772,194,46,110.285714,6136.571429,1.086138,0.003748,0.366001,0.154842,4,249,105,46,62.25,820.25,1.819096,2.00E-06,0.670539,0.998653,-1
103262405,1333113999,61430,443,0.32545,5,796,606,46,159.2,62391.2,0.111061,0.001232,0.081362,0.002859,4,248,104,46,62,792,0.111949,2.00E-06,0.073334,0.004037,-1
103262554,1333113999,61432,443,0.333935,5,408,218,46,81.6,5820.8,0.118143,0.000671,0.083484,0.003074,4,248,104,46,62,792,0.118437,0.000126,0.075956,0.004334,-1
103262735,1333113999,61433,443,1.093131,6,453,217,46,75.5,4811.1,0.516965,0.00074,0.218626,0.034683,4,248,104,46,62,792,0.706334,5.00E-06,0.297837,0.13391,-1
103262870,1333113999,61434,443,1.138238,6,1352,581,46,225.333333,75904.66667,0.568788,0.000639,0.227648,0.043063,4,248,104,46,62,792,0.758694,2.00E-06,0.316033,0.15593,-1
103262506,1333113999,61431,443,6.487185,8,553,219,46,69.125,3674.696429,2.998669,0.001493,0.926741,1.516671,5,294,104,46,58.8,645.2,2.392928,0.000108,0.826972,1.184296,-1
103263424,1333114000,61437,443,0.327336,5,349,159,46,69.8,2493.2,0.111208,0.000975,0.081834,0.002909,4,248,104,46,62,792,0.1082,2.00E-06,0.071963,0.003884,-1
103263585,1333114000,61438,443,0.565297,5,371,181,46,74.2,3571.2,0.189624,0.001383,0.141324,0.008705,4,248,104,46,62,792,0.188419,0.000119,0.125303,0.011754,-1
103263863,1333114001,61441,443,0.329688,5,395,205,46,79,4968,0.113931,0.001288,0.082422,0.002937,4,249,105,46,62.25,820.25,0.114545,2.00E-06,0.074749,0.004196,-1
103264220,1333114001,61446,443,0.633008,6,470,234,46,78.333333,5821.466667,0.302455,0.001377,0.126602,0.011867,4,248,104,46,62,792,0.411635,2.00E-06,0.173777,0.04544,-1
103264488,1333114001,61450,443,0.336048,5,368,178,46,73.6,3412.8,0.11367,0.001508,0.084012,0.003033,4,248,104,46,62,792,0.113687,6.00E-06,0.074123,0.004126,-1
103263767,1333114001,61440,443,2.850391,7,574,169,46,82,3537,1.710029,0.001336,0.475065,0.400533,4,248,104,46,62,792,1.900837,9.80E-05,0.887418,0.915128,-1
103264547,1333114002,61451,443,0.331825,5,371,181,46,74.2,3571.2,0.115192,0.0005,0.082956,0.003042,4,248,104,46,62,792,0.1152,2.00E-06,0.075749,0.004306,-1
103264624,1333114002,61452,443,0.340931,5,381,191,46,76.2,4125.2,0.114298,0.000887,0.085233,0.003162,4,248,104,46,62,792,0.114562,2.00E-06,0.076084,0.004342,-1
103271536,1333114011,61458,443,0.334414,5,384,194,46,76.8,4299.2,0.115161,0.000875,0.083604,0.003053,4,248,104,46,62,792,0.112307,0.000121,0.073126,0.004004,-1
103282510,1333114025,61542,443,0.229369,3,273,175,46,91,5301,0.118932,0.001138,0.060035,0.006938,3,144,52,46,48,12,0.119696,0.00061,0.060153,0.007091,-1
103283051,1333114025,61549,443,0.564692,5,348,158,46,69.6,2448.8,0.195762,0.000757,0.141173,0.008793,4,248,104,46,62,792,0.195521,2.00E-06,0.126848,0.012095,-1
103285502,1333114028,61585,443,0.556242,5,561,371,46,112.2,20937.2,0.191394,0.0015,0.13906,0.008431,4,248,104,46,62,792,0.191128,2.00E-06,0.12493,0.011719,-1
103285508,1333114028,61586,443,3.601573,6,656,414,46,109.333333,22285.86667,3.001675,0.001243,0.720315,1.633813,4,248,104,46,62,792,0.201011,2.00E-06,0.133555,0.013378,-1
103285722,1333114029,61598,443,0.98119,6,650,414,46,108.333333,22429.46667,0.452228,0.000869,0.196238,0.026231,4,248,104,46,62,792,0.628164,1.70E-05,0.268404,0.104904,-1
103316990,1333114072,61619,443,0.539439,5,387,197,46,77.4,4476.8,0.180258,0.000888,0.13486,0.007977,4,248,104,46,62,792,0.18075,2.00E-06,0.12005,0.010809,-1
103320572,1333114077,61753,443,1.116239,6,586,198,46,97.666667,6045.466667,0.591908,0.001128,0.223248,0.048102,4,248,104,46,62,792,0.767815,2.00E-06,0.314286,0.161926,-1
103320591,1333114077,61754,443,0.571687,5,370,180,46,74,3518,0.191148,0.000745,0.142922,0.008984,4,248,104,46,62,792,0.191123,0.000117,0.127254,0.012123,-1
103320847,1333114077,61761,443,0.521924,5,363,173,46,72.6,3156.8,0.174018,0.001377,0.130481,0.007408,4,248,104,46,62,792,0.174475,0.00025,0.116376,0.010114,-1
103321263,1333114078,61775,443,0.533579,5,378,188,46,75.6,3954.8,0.177897,0.001367,0.133395,0.007747,4,248,104,46,62,792,0.178894,0.00025,0.118806,0.010542,-1
103321314,1333114078,61776,443,0.562309,5,374,184,46,74.8,3733.2,0.188022,0.000625,0.140577,0.008705,4,248,104,46,62,792,0.188427,3.00E-06,0.125177,0.011752,-1
103321707,1333114079,61785,443,0.585675,5,376,186,46,75.2,3843.2,0.195491,0.001695,0.146419,0.009309,4,248,104,46,62,792,0.196389,2.00E-06,0.13051,0.012775,-1
103322157,1333114079,61802,443,0.60217,5,401,211,46,80.2,5353.2,0.200403,0.001368,0.150542,0.00989,4,248,104,46,62,792,0.201508,3.00E-06,0.13384,0.013435,-1
103322231,1333114079,61805,443,0.569051,5,388,198,46,77.6,4536.8,0.189901,0.000875,0.142263,0.008885,4,248,104,46,62,792,0.190269,8.00E-06,0.126684,0.012035,-1
103322336,1333114079,61812,443,0.537825,5,592,402,46,118.4,25140.8,0.179139,0.001026,0.134456,0.007913,4,248,104,46,62,792,0.180396,6.00E-06,0.11969,0.010744,-1
103322358,1333114080,61813,443,0.5423,5,592,402,46,118.4,25140.8,0.181035,0.001255,0.135575,0.008019,4,248,104,46,62,792,0.182425,3.00E-06,0.120808,0.010947,-1
3106428,1333034914,58948,443,0.833023,5,376,186,46,75.2,3843.2,0.274329,0.021853,0.208256,0.015451,4,249,105,46,62.25,820.25,0.291201,2.00E-06,0.186268,0.026161,-1
3106433,1333034914,58951,443,0.901595,5,376,186,46,75.2,3843.2,0.285704,0.051469,0.225399,0.013453,4,249,105,46,62.25,820.25,0.337435,7.00E-06,0.205642,0.032554,-1
3107359,1333034914,58993,443,0.870743,5,387,197,46,77.4,4476.8,0.28995,0.003494,0.217686,0.020391,4,248,104,46,62,792,0.292853,2.00E-06,0.194102,0.028259,-1
3107922,1333034915,59021,443,0.992809,5,378,188,46,75.6,3954.8,0.328059,0.010494,0.248202,0.025114,4,248,104,46,62,792,0.337445,2.00E-06,0.221462,0.036811,-1
3108999,1333034915,59031,443,2.064836,6,550,180,46,91.666667,4687.066667,1.035401,0.003892,0.412967,0.142487,4,248,104,46,62,792,1.380961,7.00E-06,0.575222,0.516615,-1
3109582,1333034916,59034,443,1.021651,5,366,176,46,73.2,3309.2,0.341039,0.003,0.255413,0.028319,4,248,104,46,62,792,0.344425,9.80E-05,0.227286,0.038723,-1
3121481,1333034926,59058,443,3.347598,7,730,180,46,104.285714,5020.571429,1.674174,0.00126,0.557933,0.374593,4,248,104,46,62,792,2.794812,4.00E-06,1.023795,2.371498,-1
22394529,1333050696,61146,3306,2.654789,4,216,60,52,54,16,2.024996,0.294876,0.88493,0.975214,2,168,108,60,84,1152,2.024586,2.024586,2.024586,0,-1
22395488,1333050697,38544,3306,1.776622,5,339,123,52,67.8,964.2,1.129979,0.003774,0.444091,0.231491,5,420,148,52,84,1824,1.130866,2.00E-06,0.44409,0.232778,-1
22396813,1333050698,30394,3306,0.937341,5,339,123,52,67.8,964.2,0.310824,0.005225,0.234242,0.023311,5,420,148,52,84,1824,0.315698,0.000119,0.234241,0.024367,-1
22398880,1333050700,48070,3306,0.876129,5,339,123,52,67.8,964.2,0.292324,0.001877,0.218939,0.020941,5,420,148,52,84,1824,0.292699,2.00E-06,0.218966,0.02131,-1
22399061,1333050700,23923,3306,2.206273,4,216,60,52,54,16,1.536037,0.321187,0.735424,0.48093,2,168,108,60,84,1152,0.349796,0.349796,0.349796,0,-1
22400332,1333050701,5732,3306,0.96458,5,339,123,52,67.8,964.2,0.327921,0.002626,0.238147,0.024717,6,472,148,52,78.666667,1629.866667,0.330187,0.000125,0.190517,0.030249,-1
22401516,1333050702,21440,3306,1.50115,5,339,123,52,67.8,964.2,0.896986,0.002009,0.375068,0.140884,6,483,148,52,80.5,1779.1,0.896737,2.00E-06,0.300054,0.134025,-1
22402867,1333050703,14608,3306,3.265025,4,216,60,52,54,16,2.345532,0.297204,1.088342,1.211816,2,168,108,60,84,1152,0.620002,0.620002,0.620002,0,-1
22402855,1333050703,6882,3306,3.266658,4,216,60,52,54,16,2.642892,0.288968,1.088886,1.811726,2,168,108,60,84,1152,2.642623,2.642623,2.642623,0,-1
22403680,1333050704,60911,3306,2.524568,5,339,123,52,67.8,964.2,1.914751,0.003547,0.6308,0.752534,5,420,148,52,84,1824,1.907291,2.50E-05,0.630767,0.745311,-1
22404783,1333050705,35080,3306,1.797837,4,216,60,52,54,16,1.087756,0.323923,0.599279,0.179926,2,164,104,60,82,968,0.385403,0.385403,0.385403,0,-1
22405655,1333050705,64353,3306,0.917972,5,300,84,52,60,192,0.306947,0.00224,0.229401,0.022936,6,461,141,52,76.833333,1397.766667,0.306953,2.00E-06,0.183521,0.028067,-1
22406312,1333050706,33986,3306,1.589595,4,216,60,52,54,16,0.993758,0.295995,0.529865,0.161401,2,172,112,60,86,1352,0.29938,0.29938,0.29938,0,-1
22407004,1333050707,56000,3306,1.652327,4,216,60,52,54,16,1.02131,0.315429,0.550776,0.166052,2,168,108,60,84,1152,0.3157,0.3157,0.3157,0,-1
22406998,1333050707,49288,3306,4.103915,4,216,60,52,54,16,3.208175,0.320693,1.367972,2.555936,2,168,108,60,84,1152,0.574552,0.574552,0.574552,0,-1
22409498,1333050709,15741,3306,0.995399,6,391,123,52,65.166667,812.966667,0.345818,0.002604,0.19908,0.032235,5,430,148,52,86,1964,0.346143,0.00213,0.24735,0.026881,-1
3374355,1333035158,59076,443,1.015923,5,362,172,46,72.4,3106.8,0.351291,0.001505,0.253981,0.028417,4,248,104,46,62,792,0.348179,3.00E-06,0.228027,0.039034,-1
3374704,1333035158,59093,443,1.047154,5,376,186,46,75.2,3843.2,0.350431,0.00137,0.261788,0.030143,4,248,104,46,62,792,0.349101,0.000129,0.231993,0.040322,-1
3374884,1333035158,59106,443,0.547937,5,374,184,46,74.8,3733.2,0.182397,0.001349,0.136984,0.008176,4,248,104,46,62,792,0.18352,7.40E-05,0.121929,0.011137,-1
3374160,1333035158,59075,443,2.063068,6,534,172,46,89,4138.8,1.028996,0.00115,0.412614,0.140808,4,248,104,46,62,792,1.371079,0.000122,0.572961,0.507944,-1
3376247,1333035160,59139,443,0.792048,5,387,197,46,77.4,4476.8,0.2641,0.000875,0.198012,0.017273,4,248,104,46,62,792,0.264452,3.00E-06,0.176105,0.023259,-1
3394191,1333035179,59179,443,0.811218,5,361,171,46,72.2,3057.2,0.268223,0.007115,0.202805,0.01702,4,248,104,46,62,792,0.275479,0.000122,0.181064,0.024571,-1
3396614,1333035182,59222,443,0.97504,5,386,196,46,77.2,4417.2,0.32517,0.000771,0.24376,0.026242,4,248,104,46,62,792,0.325689,3.00E-06,0.216794,0.035249,-1
3401572,1333035187,59251,443,4.007648,6,415,173,46,69.166667,2596.166667,2.995671,0.001511,0.80153,1.525537,4,248,104,46,62,792,0.338934,2.00E-06,0.225492,0.038135,-1
3424020,1333035212,59264,443,0.994537,5,361,171,46,72.2,3057.2,0.332421,0.000755,0.248634,0.02731,4,248,104,46,62,792,0.332836,2.00E-06,0.221628,0.036839,-1
3467744,1333035257,59344,443,3.954628,6,413,171,46,68.833333,2513.766667,3.005169,0.002503,0.790926,1.550535,4,248,104,46,62,792,0.318333,1.40E-05,0.211471,0.033537,-1
3472444,1333035261,59397,443,1.062264,5,387,197,46,77.4,4476.8,0.35482,0.001241,0.265566,0.031053,4,248,104,46,62,792,0.355422,6.00E-06,0.236742,0.042033,-1
3502198,1333035290,59599,443,0.362908,5,387,197,46,77.4,4476.8,0.122033,0.005253,0.090727,0.003251,4,248,104,46,62,792,0.122806,0.000107,0.081745,0.004999,-1
3502515,1333035290,59600,443,0.925956,6,433,197,46,72.166667,3745.766667,0.559186,0.008744,0.185191,0.046004,5,294,104,46,58.8,645.2,0.554324,5.00E-06,0.200291,0.059097,-1
3523941,1333035310,59603,443,1.006442,5,362,172,46,72.4,3106.8,0.336171,0.001001,0.251611,0.027914,4,248,104,46,62,792,0.336176,3.00E-06,0.223997,0.03763,-1
3526798,1333035313,59642,443,1.019817,5,387,197,46,77.4,4476.8,0.340954,0.004501,0.254954,0.027882,4,248,104,46,62,792,0.34256,6.00E-06,0.22696,0.038635,-1
3526841,1333035313,59646,443,0.949331,5,387,197,46,77.4,4476.8,0.315569,0.004112,0.237333,0.024174,4,248,104,46,62,792,0.31931,2.40E-05,0.211555,0.033563,-1
3530523,1333035316,59650,443,1.027182,5,370,180,46,74,3518,0.342309,0.001506,0.256796,0.028966,4,248,104,46,62,792,0.342664,0.000116,0.22811,0.038986,-1
3531921,1333035317,59655,443,1.053298,5,362,172,46,72.4,3106.8,0.352194,0.001019,0.263324,0.030582,4,248,104,46,62,792,0.352549,2.00E-06,0.234698,0.041312,-1
3555293,1333035339,59742,443,0.853258,5,376,186,46,75.2,3843.2,0.28408,0.001881,0.213314,0.019869,4,248,104,46,62,792,0.285855,0.000119,0.189892,0.027011,-1
3927916,1333035676,59819,443,0.802802,5,367,177,46,73.4,3360.8,0.26722,0.001624,0.200701,0.017614,4,248,104,46,62,792,0.268539,2.00E-06,0.178565,0.023914,-1
3957121,1333035700,59829,443,0.785932,5,369,179,46,73.8,3465.2,0.262097,0.000628,0.196483,0.017049,4,248,104,46,62,792,0.262845,4.00E-06,0.174735,0.022899,-1
3957149,1333035700,59830,443,1.599093,6,574,192,46,95.666667,5573.466667,0.80879,0.001378,0.319819,0.087548,4,248,104,46,62,792,1.073272,2.00E-06,0.445379,0.312961,-1
3987695,1333035724,59834,443,0.881249,5,361,171,46,72.2,3057.2,0.296575,0.001254,0.220312,0.021333,4,248,104,46,62,792,0.296082,4.00E-06,0.196679,0.029012,-1
4058450,1333035780,59921,443,0.95444,5,362,172,46,72.4,3106.8,0.319176,0.002885,0.23861,0.024698,4,248,104,46,62,792,0.319227,2.00E-06,0.212724,0.033938,-1
4058228,1333035780,59920,443,1.786355,6,408,172,46,68,2601.6,0.84102,0.006371,0.357271,0.090757,4,248,104,46,62,792,1.153475,2.00E-06,0.491139,0.354607,-1
4059370,1333035781,59943,443,1.050272,5,375,185,46,75,3788,0.350389,0.001501,0.262568,0.030293,4,248,104,46,62,792,0.351806,1.30E-05,0.234001,0.041064,-1
4059445,1333035781,59944,443,0.990187,5,375,185,46,75,3788,0.321561,0.026615,0.247547,0.021694,4,248,104,46,62,792,0.348311,3.00E-06,0.223248,0.037559,-1
4060770,1333035782,59967,443,1.009177,5,360,170,46,72,3008,0.346945,0.001248,0.252294,0.028071,4,248,104,46,62,792,0.346664,2.00E-06,0.226746,0.038602,-1
4061197,1333035783,59971,443,0.557803,5,362,172,46,72.4,3106.8,0.186027,0.001375,0.139451,0.008473,4,248,104,46,62,792,0.187402,0.000127,0.124302,0.011566,-1
4086710,1333035804,60090,443,0.810904,5,362,172,46,72.4,3106.8,0.275097,0.002249,0.202726,0.017878,4,248,104,46,62,792,0.274934,8.00E-06,0.181469,0.024703,-1
4098169,1333035813,60172,443,0.857023,5,373,183,46,74.6,3678.8,0.286081,0.00137,0.214256,0.020143,4,248,104,46,62,792,0.287466,2.00E-06,0.190894,0.027331,-1
4098484,1333035813,60174,443,3.946248,7,461,173,46,65.857143,2240.142857,2.99493,0.001243,0.657708,1.35305,5,294,104,46,58.8,645.2,0.589652,9.00E-06,0.207069,0.068224,-1
4157993,1333035863,60298,443,1.026681,5,363,173,46,72.6,3156.8,0.34144,0.012867,0.25667,0.026424,4,248,104,46,62,792,0.354656,1.50E-05,0.230293,0.039856,-1
4271362,1333035960,60334,443,0.804058,5,335,145,46,67,1908,0.2782,0.001264,0.201015,0.01779,4,475,331,46,118.75,20030.25,0.279089,1.20E-05,0.180512,0.024504,-1
4515975,1333036118,60346,443,0.581581,5,361,171,46,72.2,3057.2,0.200174,0.001828,0.145395,0.009185,4,248,104,46,62,792,0.20159,8.00E-06,0.130656,0.012833,-1
4630787,1333036192,60437,443,0.835778,5,357,167,46,71.4,2862.8,0.278443,0.00339,0.208944,0.018779,4,248,104,46,62,792,0.281733,4.00E-06,0.186271,0.026027,-1
4630823,1333036192,60439,443,0.892233,5,362,172,46,72.4,3106.8,0.289183,0.03326,0.223058,0.016017,4,248,104,46,62,792,0.320493,3.00E-06,0.20304,0.031172,-1
4630851,1333036192,60440,443,0.862242,5,357,167,46,71.4,2862.8,0.286321,0.013286,0.21556,0.01819,4,248,104,46,62,792,0.299945,4.00E-06,0.193719,0.028232,-1
4631413,1333036192,60462,443,0.847774,5,374,184,46,74.8,3733.2,0.287588,0.000872,0.211944,0.019815,4,248,104,46,62,792,0.288965,1.70E-05,0.18969,0.027002,-1
4631571,1333036192,60468,443,0.874231,5,362,172,46,72.4,3106.8,0.290219,0.010337,0.218558,0.019272,4,248,104,46,62,792,0.300998,2.00E-06,0.195763,0.028796,-1
4632028,1333036193,60476,443,0.943973,5,373,183,46,74.6,3678.8,0.315573,0.004869,0.235993,0.023745,4,248,104,46,62,792,0.320795,0.00011,0.210832,0.033324,-1
4632195,1333036193,60480,443,0.994696,5,373,183,46,74.6,3678.8,0.33182,0.002746,0.248674,0.026881,4,248,104,46,62,792,0.334197,5.00E-06,0.221253,0.036718,-1
4632413,1333036193,60493,443,1.016425,5,378,188,46,75.6,3954.8,0.337437,0.005008,0.254106,0.027578,4,248,104,46,62,792,0.342738,3.00E-06,0.226618,0.038524,-1
4632655,1333036193,60494,443,0.981191,5,378,188,46,75.6,3954.8,0.327066,0.001626,0.245298,0.026389,4,248,104,46,62,792,0.328578,0.000113,0.218375,0.03573,-1
4632058,1333036193,60477,443,2.045582,6,424,188,46,70.666667,3309.866667,0.967689,0.004,0.409116,0.121,4,248,104,46,62,792,1.323368,5.00E-06,0.563184,0.466931,-1
4633194,1333036194,60498,443,0.561798,5,387,197,46,77.4,4476.8,0.215158,0.001373,0.140449,0.008999,4,248,104,46,62,792,0.214184,2.00E-06,0.129218,0.012937,-1
4633679,1333036194,60503,443,0.811553,5,386,196,46,77.2,4417.2,0.270619,0.001375,0.202888,0.018048,4,248,104,46,62,792,0.271376,3.00E-06,0.180607,0.024464,-1
4633640,1333036194,60502,443,1.93115,6,432,196,46,72,3696,1.064898,0.00425,0.38623,0.15896,5,294,104,46,58.8,645.2,1.063738,1.90E-05,0.410828,0.208124,-1
4633817,1333036195,60505,443,0.81541,5,386,196,46,77.2,4417.2,0.272085,0.001262,0.203853,0.018242,4,248,104,46,62,792,0.272968,2.10E-05,0.181615,0.024733,-1
4638511,1333036199,60530,443,0.851131,5,360,170,46,72,3008,0.284076,0.000995,0.212783,0.019935,4,248,104,46,62,792,0.28396,3.00E-06,0.189244,0.026859,-1
4675216,1333036233,60586,443,0.960838,5,362,172,46,72.4,3106.8,0.322949,0.001,0.24021,0.025436,4,248,104,46,62,792,0.319049,0.000101,0.212707,0.033901,-1
4675489,1333036234,60597,443,1.037006,5,376,186,46,75.2,3843.2,0.349931,0.001266,0.259251,0.029594,4,248,104,46,62,792,0.349675,0.000131,0.230785,0.039914,-1
4677866,1333036236,60618,443,1.001946,5,387,197,46,77.4,4476.8,0.330937,0.010692,0.250486,0.025556,4,248,104,46,62,792,0.343544,6.30E-05,0.224613,0.037861,-1
4683667,1333036242,60666,443,0.994186,5,373,183,46,74.6,3678.8,0.330826,0.002346,0.248546,0.02694,4,248,104,46,62,792,0.333056,0.000125,0.221288,0.036686,-1
4684310,1333036242,60667,443,0.970465,5,363,173,46,72.6,3156.8,0.324919,0.000729,0.242616,0.026006,4,248,104,46,62,792,0.32544,0.000122,0.216017,0.03496,-1
4742347,1333036297,60779,443,1.979486,6,411,175,46,68.5,2727.9,0.904609,0.003377,0.395897,0.104343,4,248,104,46,62,792,1.262402,3.00E-06,0.541709,0.42244,-1
4745486,1333036300,60783,443,1.972427,7,454,172,46,64.857143,2237.142857,0.901991,0.006492,0.328738,0.110116,4,248,104,46,62,792,1.618329,3.00E-06,0.599745,0.786316,-1
4767214,1333036320,60838,443,0.833022,5,361,171,46,72.2,3057.2,0.277843,0.001328,0.208255,0.019031,4,248,104,46,62,792,0.278935,3.00E-06,0.185313,0.025756,-1
4768004,1333036320,60848,443,0.804572,5,376,186,46,75.2,3843.2,0.268842,0.001238,0.201143,0.017761,4,248,104,46,62,792,0.269716,0.000241,0.179356,0.024062,-1
4767507,1333036320,60839,443,3.907649,6,413,171,46,68.833333,2513.766667,3.039389,0.001349,0.78153,1.608614,4,248,104,46,62,792,0.290838,0.000123,0.193349,0.028003,-1
4770245,1333036323,60874,443,1.556101,6,422,186,46,70.333333,3216.666667,0.693771,0.005611,0.31122,0.060429,4,248,104,46,62,792,0.979062,0.000117,0.423542,0.25267,-1
4821150,1333036374,60929,443,0.865753,6,422,186,46,70.333333,3216.666667,0.507469,0.003248,0.173151,0.037412,4,248,104,46,62,792,0.62775,2.00E-06,0.249274,0.111037,-1
4826010,1333036378,60950,443,1.04265,5,368,178,46,73.6,3412.8,0.340805,0.021353,0.260662,0.025453,4,248,104,46,62,792,0.362669,1.40E-05,0.234287,0.041289,-1
4852221,1333036403,61040,443,0.974106,5,374,184,46,74.8,3733.2,0.33558,0.001401,0.243526,0.02612,4,248,104,46,62,792,0.320314,0.016493,0.218375,0.030568,-1
4920037,1333036433,61069,443,0.993797,5,363,173,46,72.6,3156.8,0.33509,0.000747,0.248449,0.027285,4,248,104,46,62,792,0.33455,3.00E-06,0.220523,0.036486,-1
4923970,1333036436,61077,443,0.59478,5,357,167,46,71.4,2862.8,0.204649,0.001494,0.148695,0.009654,4,248,104,46,62,792,0.204126,2.00E-06,0.133622,0.013404,-1
4924105,1333036436,61080,443,0.539108,5,376,186,46,75.2,3843.2,0.179799,0.001114,0.134777,0.00794,4,248,104,46,62,792,0.180652,2.00E-06,0.120015,0.010803,-1
4994911,1333036503,61251,443,0.832271,5,404,214,46,80.8,5551.2,0.277336,0.00138,0.208068,0.018987,4,248,104,46,62,792,0.279044,2.00E-06,0.185339,0.025763,-1
4995365,1333036503,61263,443,0.798558,5,376,186,46,75.2,3843.2,0.265958,0.002147,0.199639,0.017335,4,248,104,46,62,792,0.268469,7.00E-06,0.177904,0.023738,-1
4997512,1333036505,61278,443,0.855707,5,376,186,46,75.2,3843.2,0.285695,0.001127,0.213927,0.020126,4,248,104,46,62,792,0.285965,4.00E-06,0.190547,0.02723,-1
5037763,1333036543,61287,443,0.339016,5,387,197,46,77.4,4476.8,0.116304,0.001487,0.084754,0.00309,4,248,104,46,62,792,0.116453,0.000107,0.076706,0.004403,-1
5037800,1333036543,61288,443,0.33171,5,442,252,46,88.4,8370.8,0.113208,0.001375,0.082927,0.002966,4,248,104,46,62,792,0.115304,6.00E-06,0.075584,0.004288,-1
5037712,1333036543,61284,443,0.839634,5,387,197,46,77.4,4476.8,0.279719,0.001622,0.209908,0.019282,4,248,104,46,62,792,0.280867,6.00E-06,0.186941,0.026209,-1
5037837,1333036543,61289,443,1.021941,5,442,252,46,88.4,8370.8,0.34041,0.002748,0.255485,0.02839,4,248,104,46,62,792,0.342984,5.00E-06,0.227479,0.038811,-1
5038065,1333036543,61291,443,0.946218,5,452,262,46,90.4,9208.8,0.315105,0.001463,0.236555,0.024564,4,248,104,46,62,792,0.316567,3.00E-06,0.210465,0.033221,-1
5038381,1333036543,61293,443,0.918311,5,464,274,46,92.8,10267.2,0.30609,0.001373,0.229578,0.023146,4,248,104,46,62,792,0.307189,0.000122,0.204382,0.031292,-1
5038621,1333036544,61294,443,0.959208,5,437,247,46,87.4,7966.8,0.32119,0.000841,0.239802,0.02538,4,248,104,46,62,792,0.320812,2.00E-06,0.213542,0.0342,-1
5038653,1333036544,61295,443,0.990927,5,437,247,46,87.4,7966.8,0.330604,0.001254,0.247732,0.027001,4,248,104,46,62,792,0.331557,5.00E-06,0.220372,0.036422,-1
5178693,1333036659,61317,443,1.040029,5,365,175,46,73,3258,0.346309,0.001493,0.260007,0.029702,4,248,104,46,62,792,0.348035,0.000136,0.231325,0.040087,-1
5178772,1333036659,61319,443,3.551858,6,412,170,46,68.666667,2473.066667,3.000546,0.003243,0.710372,1.645069,4,248,104,46,62,792,0.186866,8.00E-06,0.123094,0.011368,-1
5206845,1333036682,61363,443,0.837524,5,414,224,46,82.8,6237.2,0.278596,0.003378,0.209381,0.018861,4,248,104,46,62,792,0.281481,2.00E-06,0.186604,0.026118,-1
5207185,1333036682,61371,443,0.88462,5,362,172,46,72.4,3106.8,0.294833,0.00087,0.221155,0.021567,4,249,105,46,62.25,820.25,0.295447,0.000115,0.196594,0.028953,-1
5229224,1333036701,61446,443,0.365532,5,369,179,46,73.8,3465.2,0.123542,0.005379,0.091383,0.003295,4,248,104,46,62,792,0.126466,4.00E-06,0.080622,0.004905,-1
5229240,1333036701,61447,443,6.329397,7,600,179,46,85.714286,4068.238095,2.997926,0.001361,1.054899,2.262678,4,248,104,46,62,792,3.113972,0.000121,1.075177,3.120612,-1
5235043,1333036706,61492,443,1.040906,5,361,171,46,72.2,3057.2,0.347167,0.000998,0.260226,0.029867,4,248,104,46,62,792,0.347434,2.00E-06,0.231411,0.040163,-1
5235064,1333036706,61493,443,0.993318,5,361,171,46,72.2,3057.2,0.331057,0.000995,0.24833,0.027189,4,248,104,46,62,792,0.331689,5.00E-06,0.220876,0.036588,-1
5235236,1333036706,61495,443,1.037035,5,361,171,46,72.2,3057.2,0.345416,0.001391,0.259259,0.029554,4,248,104,46,62,792,0.34691,4.00E-06,0.230697,0.039915,-1
5235370,1333036706,61501,443,0.962833,5,361,171,46,72.2,3057.2,0.320934,0.00075,0.240708,0.025591,4,248,104,46,62,792,0.321299,8.00E-06,0.214,0.034345,-1
5310736,1333036767,61540,443,0.596913,5,362,172,46,72.4,3106.8,0.200633,0.001365,0.149228,0.009719,4,248,104,46,62,792,0.200436,1.30E-05,0.133234,0.013311,-1
5311005,1333036767,61541,443,1.093004,6,408,172,46,68,2601.6,0.511784,0.001743,0.218601,0.033731,4,248,104,46,62,792,0.704971,2.50E-05,0.299965,0.132516,-1
5313269,1333036769,61572,443,0.820741,5,352,162,46,70.4,2628.8,0.273224,0.001253,0.205185,0.018484,4,248,104,46,62,792,0.274853,0.00011,0.182523,0.024957,-1
5313475,1333036769,61575,443,0.859855,5,362,172,46,72.4,3106.8,0.286837,0.001502,0.214964,0.020252,4,248,104,46,62,792,0.287959,0.000127,0.191557,0.027485,-1
5313873,1333036770,61576,443,0.848143,5,362,172,46,72.4,3106.8,0.282105,0.002464,0.212036,0.01952,4,248,104,46,62,792,0.284341,2.00E-06,0.188727,0.026714,-1
5314829,1333036770,61589,443,0.82441,5,374,184,46,74.8,3733.2,0.28309,0.002996,0.206102,0.018378,4,248,104,46,62,792,0.28255,1.00E-05,0.185315,0.025775,-1
5322672,1333036777,61613,443,0.82241,5,355,165,46,71,2768,0.273581,0.002888,0.205603,0.018264,4,248,104,46,62,792,0.276337,9.00E-06,0.18319,0.025169,-1
5324085,1333036778,61622,443,0.794546,5,373,183,46,74.6,3678.8,0.265101,0.001125,0.198637,0.017338,4,248,104,46,62,792,0.265855,4.00E-06,0.176859,0.023459,-1
5328532,1333036781,61641,443,0.360296,5,370,180,46,74,3518,0.139969,0.003507,0.090074,0.003553,4,248,104,46,62,792,0.135548,0.000127,0.083828,0.005352,-1
5327437,1333036781,61637,443,9.824057,7,460,170,46,65.714286,2121.904762,5.997842,0.001113,1.637343,5.823055,4,244,104,46,61,822.666667,0.275967,2.00E-06,0.183688,0.025306,-1
5328721,1333036782,61642,443,0.330929,5,370,180,46,74,3518,0.111311,0.002367,0.082732,0.002872,4,248,104,46,62,792,0.110544,2.00E-06,0.072538,0.003949,-1
5329755,1333036782,61669,443,0.944474,5,360,170,46,72,3008,0.314803,0.001009,0.236118,0.024567,4,248,104,46,62,792,0.315576,1.60E-05,0.210094,0.0331,-1
5329874,1333036783,61670,443,1.024286,5,360,170,46,72,3008,0.336925,0.015126,0.256071,0.025802,4,248,104,46,62,792,0.351837,0.000111,0.229495,0.039521,-1
5341175,1333036791,61682,443,2.252969,6,406,170,46,67.666667,2519.066667,1.2263,0.002869,0.450594,0.209509,5,294,104,46,58.8,645.2,1.225672,2.00E-06,0.478196,0.274549,-1
5383551,1333036825,61697,443,0.968572,5,376,186,46,75.2,3843.2,0.32094,0.006386,0.242143,0.024703,4,248,104,46,62,792,0.32769,0.000125,0.216085,0.034992,-1
197516643,1333197954,9406,3306,93.487473,424,48887,1500,46,115.299528,89492.6453,66.139662,2.00E-06,0.221011,11.014179,891,1184808,1500,46,1329.750842,167585.1109,66.482472,1.00E-06,0.104889,5.298267,-1
146923365,1333155509,3854,3306,0.219517,5,288,102,46,57.6,616.8,0.073234,0.000121,0.054842,0.001331,5,357,121,46,71.4,1225.8,0.074203,0.000123,0.054786,0.001329,-1
146926244,1333155512,3772,3306,82.499499,10,498,82,46,49.8,128.4,40.140593,0.001858,9.166433,176.49576,10,596,120,46,59.6,803.377778,40.140446,0.002113,9.165918,176.504714,-1
146969552,1333155558,4240,3306,0.23463,5,288,102,46,57.6,616.8,0.08169,5.00E-06,0.058436,0.001529,6,414,121,46,69,1235.2,0.081084,2.00E-06,0.046751,0.001828,-1
146977634,1333155564,2065,3306,137.706765,4,192,52,46,48,8,126.876543,1.2759,45.902255,4934.759564,9,784,107,46,87.111111,890.361111,48.12741,0.076712,11.814834,279.906228,-1
157205467,1333164025,55876,443,0.799151,5,410,220,46,82,5958,0.266228,0.001458,0.199788,0.017482,4,248,104,46,62,792,0.267463,2.00E-06,0.177813,0.023713,-1
157205694,1333164025,55879,443,0.860251,5,410,220,46,82,5958,0.286704,0.001631,0.215063,0.020246,4,248,104,46,62,792,0.287852,2.00E-06,0.191392,0.027473,-1
157206165,1333164025,55880,443,0.80042,5,410,220,46,82,5958,0.26692,0.001109,0.200105,0.0176,4,248,104,46,62,792,0.267608,3.00E-06,0.178065,0.02378,-1
157206234,1333164025,55883,443,0.838812,5,410,220,46,82,5958,0.279718,0.000868,0.209703,0.019383,4,248,104,46,62,792,0.280332,1.00E-05,0.186614,0.026116,-1
157206956,1333164026,55886,443,0.876998,5,390,200,46,78,4658,0.292477,0.000883,0.219249,0.021193,4,248,104,46,62,792,0.293044,3.00E-06,0.19501,0.028521,-1
157207812,1333164026,55891,443,0.824048,5,351,161,46,70.2,2583.2,0.274776,0.000848,0.206012,0.018708,4,248,104,46,62,792,0.275341,0.000126,0.183312,0.025168,-1
157207895,1333164026,55893,443,0.869756,5,389,199,46,77.8,4597.2,0.290006,0.000729,0.217439,0.020873,4,248,104,46,62,792,0.290652,2.00E-06,0.193453,0.028068,-1
157208525,1333164027,55895,443,0.842767,5,388,198,46,77.6,4536.8,0.280943,0.000887,0.210692,0.019564,4,248,104,46,62,792,0.281582,2.00E-06,0.187436,0.026349,-1
157214002,1333164031,55899,443,0.888998,5,355,165,46,71,2768,0.2962,0.001504,0.22225,0.021657,4,248,104,46,62,792,0.296819,2.00E-06,0.197677,0.029307,-1
157219063,1333164035,55908,443,0.788859,5,383,193,46,76.6,4240.8,0.262447,0.001917,0.197215,0.016952,4,248,104,46,62,792,0.264263,0.000112,0.175579,0.023092,-1
157219309,1333164035,55913,443,0.79481,5,364,174,46,72.8,3207.2,0.265499,0.000877,0.198702,0.017394,4,248,104,46,62,792,0.265496,2.00E-06,0.176821,0.023449,-1
157219324,1333164035,55915,443,0.828281,5,383,193,46,76.6,4240.8,0.276261,0.001228,0.20707,0.018832,4,248,104,46,62,792,0.277097,3.00E-06,0.184231,0.025455,-1
157219861,1333164036,55925,443,0.800801,5,428,238,46,85.6,7264.8,0.272485,0.002914,0.2002,0.01732,4,248,104,46,62,792,0.272477,7.00E-06,0.179347,0.024134,-1
157220446,1333164036,55932,443,0.776822,5,389,199,46,77.8,4597.2,0.259228,0.000621,0.194206,0.016656,4,248,104,46,62,792,0.259454,4.00E-06,0.172838,0.022404,-1
157220767,1333164036,55934,443,0.787454,5,359,169,46,71.8,2959.2,0.262282,0.001328,0.196864,0.016993,4,248,104,46,62,792,0.263475,8.00E-06,0.175194,0.023018,-1
157221059,1333164037,55951,443,0.846499,5,366,176,46,73.2,3309.2,0.282178,0.00079,0.211625,0.019756,4,248,104,46,62,792,0.282734,3.00E-06,0.188211,0.026567,-1
157233334,1333164046,55961,443,0.815569,5,410,220,46,82,5958,0.271333,0.001755,0.203892,0.01816,4,248,104,46,62,792,0.27274,0.000141,0.181433,0.024651,-1
157236911,1333164049,55962,443,0.819272,5,421,231,46,84.2,6741.2,0.273147,0.000994,0.204818,0.018464,4,248,104,46,62,792,0.27384,2.00E-06,0.18232,0.02493,-1
157236957,1333164049,55963,443,0.796771,5,410,220,46,82,5958,0.265472,0.001249,0.199193,0.017414,4,248,104,46,62,792,0.266609,6.00E-06,0.177238,0.023559,-1
157254051,1333164062,55968,443,0.872638,5,388,198,46,77.6,4536.8,0.290862,0.001339,0.218159,0.020894,4,248,104,46,62,792,0.291907,6.00E-06,0.194208,0.028286,-1
157254397,1333164062,55975,443,0.85206,5,410,220,46,82,5958,0.284301,0.001162,0.213015,0.019948,4,248,104,46,62,792,0.284459,3.00E-06,0.189519,0.026937,-1
157254942,1333164063,55980,443,0.842068,5,410,220,46,82,5958,0.280586,0.001245,0.210517,0.019464,4,248,104,46,62,792,0.281595,2.00E-06,0.18732,0.026316,-1
157288383,1333164088,55990,443,0.895215,5,410,220,46,82,5958,0.29804,0.002288,0.223804,0.021809,4,248,104,46,62,792,0.29994,1.10E-05,0.199359,0.029806,-1
157288396,1333164088,56000,443,0.914198,5,410,220,46,82,5958,0.304937,0.000759,0.228549,0.023062,4,248,104,46,62,792,0.305329,6.00E-06,0.203346,0.03101,-1
157288587,1333164088,56005,443,0.874244,5,410,220,46,82,5958,0.291602,0.000752,0.218561,0.021085,4,248,104,46,62,792,0.291972,3.00E-06,0.194399,0.028343,-1
157289084,1333164089,56007,443,0.86213,5,410,220,46,82,5958,0.287159,0.001748,0.215533,0.020313,4,248,104,46,62,792,0.288603,3.00E-06,0.191851,0.027605,-1
157289112,1333164089,56008,443,0.846017,5,410,220,46,82,5958,0.282092,0.000621,0.211504,0.019765,4,248,104,46,62,792,0.282601,2.20E-05,0.188151,0.026544,-1
157289137,1333164089,56009,443,0.788875,5,410,220,46,82,5958,0.262993,0.001251,0.197219,0.017068,4,248,104,46,62,792,0.263827,3.00E-06,0.17548,0.023094,-1
157293472,1333164092,56017,443,0.834503,5,410,220,46,82,5958,0.278438,0.000648,0.208626,0.019224,4,248,104,46,62,792,0.278675,5.00E-06,0.185582,0.025829,-1
157293608,1333164093,56018,443,0.789049,5,389,199,46,77.8,4597.2,0.262975,0.000884,0.197262,0.01714,4,248,104,46,62,792,0.263354,1.30E-05,0.17537,0.023063,-1
157293907,1333164093,56022,443,0.866444,5,410,220,46,82,5958,0.28893,0.001158,0.216611,0.020631,4,248,104,46,62,792,0.289596,2.00E-06,0.192724,0.027857,-1
157294255,1333164093,56026,443,0.774067,5,410,220,46,82,5958,0.257979,0.001,0.193517,0.016472,4,248,104,46,62,792,0.258731,2.00E-06,0.172194,0.022238,-1
157296745,1333164095,56036,443,0.867389,5,410,220,46,82,5958,0.289202,0.000749,0.216847,0.020755,4,248,104,46,62,792,0.28966,2.00E-06,0.192852,0.027894,-1
157303877,1333164100,56052,443,0.785919,5,358,168,46,71.6,2910.8,0.262235,0.001095,0.19648,0.016967,4,248,104,46,62,792,0.262972,0.000108,0.174901,0.022915,-1
157304766,1333164101,56058,443,0.881221,5,363,173,46,72.6,3156.8,0.293689,0.001143,0.220305,0.021348,4,248,104,46,62,792,0.294582,9.00E-06,0.19632,0.028903,-1
157304970,1333164101,56059,443,0.911852,5,363,173,46,72.6,3156.8,0.303846,0.000992,0.227963,0.022896,4,248,104,46,62,792,0.30476,3.00E-06,0.202759,0.030833,-1
157305586,1333164102,56064,443,0.841271,5,391,201,46,78.2,4719.2,0.280337,0.001468,0.210318,0.019386,4,248,104,46,62,792,0.281362,2.00E-06,0.187146,0.026268,-1
157305587,1333164102,56065,443,0.816183,5,391,201,46,78.2,4719.2,0.272089,0.001127,0.204046,0.018301,4,248,104,46,62,792,0.272719,4.00E-06,0.181636,0.024743,-1
157305801,1333164102,56066,443,0.861406,5,361,171,46,72.2,3057.2,0.28763,0.001224,0.215351,0.020378,4,248,104,46,62,792,0.287911,4.00E-05,0.191642,0.027534,-1
157306011,1333164102,56067,443,0.878603,5,361,171,46,72.2,3057.2,0.292707,0.001372,0.219651,0.021176,4,248,104,46,62,792,0.293842,3.00E-06,0.195437,0.028646,-1
157306316,1333164102,56070,443,0.862741,5,467,277,46,93.4,10540.8,0.287459,0.001255,0.215685,0.020436,4,248,104,46,62,792,0.288461,3.00E-06,0.191892,0.027616,-1
157306582,1333164103,56071,443,0.85102,5,467,277,46,93.4,10540.8,0.284349,0.000508,0.212755,0.020022,4,248,104,46,62,792,0.28408,0.000115,0.189223,0.026821,-1
157310048,1333164105,56103,443,0.822451,5,409,219,46,81.8,5889.2,0.274103,0.001239,0.205613,0.018564,4,248,104,46,62,792,0.275006,0.000115,0.182945,0.02507,-1
157310812,1333164106,56139,443,0.861881,5,390,200,46,78,4658,0.287446,0.001131,0.21547,0.020419,4,248,104,46,62,792,0.288216,2.00E-06,0.19177,0.027582,-1
157311044,1333164106,56149,443,0.801696,5,409,219,46,81.8,5889.2,0.267164,0.000608,0.200424,0.017745,4,248,104,46,62,792,0.267957,1.10E-05,0.178318,0.023845,-1
157311107,1333164106,56153,443,0.875876,5,409,219,46,81.8,5889.2,0.295938,0.00047,0.218969,0.021227,4,248,104,46,62,792,0.296374,9.00E-05,0.195515,0.028653,-1
157311730,1333164106,56164,443,0.816686,5,404,214,46,80.8,5551.2,0.270897,0.004989,0.204171,0.017633,4,248,104,46,62,792,0.275589,2.60E-05,0.182074,0.024862,-1
157311873,1333164106,56166,443,0.806542,5,409,219,46,81.8,5889.2,0.268625,0.001248,0.201635,0.017847,4,248,104,46,62,792,0.269588,4.00E-06,0.179578,0.024185,-1
157311993,1333164106,56168,443,0.804299,5,404,214,46,80.8,5551.2,0.267427,0.003307,0.201075,0.017383,4,248,104,46,62,792,0.270301,5.00E-06,0.179174,0.024078,-1
157312571,1333164107,56188,443,0.822151,5,409,219,46,81.8,5889.2,0.273852,0.000834,0.205538,0.018624,4,248,104,46,62,792,0.274593,3.00E-06,0.182818,0.025066,-1
157312724,1333164107,56190,443,0.830378,5,409,219,46,81.8,5889.2,0.276737,0.000643,0.207595,0.019035,4,248,104,46,62,792,0.277297,3.00E-06,0.184632,0.025566,-1
157313219,1333164107,56194,443,0.83978,5,409,219,46,81.8,5889.2,0.280157,0.000426,0.209945,0.01951,4,248,104,46,62,792,0.280092,7.00E-06,0.186692,0.026138,-1
157313370,1333164107,56196,443,0.786722,5,409,219,46,81.8,5889.2,0.262222,0.001002,0.19668,0.017018,4,248,104,46,62,792,0.262937,3.00E-06,0.174969,0.02296,-1
157313992,1333164108,56200,443,0.802412,5,391,201,46,78.2,4719.2,0.26711,0.002757,0.200603,0.017397,4,248,104,46,62,792,0.269408,5.00E-06,0.178694,0.023949,-1
157314109,1333164108,56202,443,0.882618,5,389,199,46,77.8,4597.2,0.293826,0.001649,0.220654,0.021317,4,248,104,46,62,792,0.295123,1.90E-05,0.196275,0.028888,-1
157314625,1333164108,56206,443,0.864601,5,404,214,46,80.8,5551.2,0.290319,0.000897,0.21615,0.020596,4,248,104,46,62,792,0.289991,8.50E-05,0.192645,0.027811,-1
157314758,1333164109,56208,443,0.833018,5,409,219,46,81.8,5889.2,0.277565,0.001022,0.208255,0.019087,4,248,104,46,62,792,0.278303,4.00E-06,0.18522,0.025729,-1
157314924,1333164109,56210,443,0.811294,5,404,214,46,80.8,5551.2,0.270475,0.000375,0.202823,0.018216,4,248,104,46,62,792,0.270751,3.00E-06,0.180489,0.024431,-1
157315511,1333164109,56221,443,0.788806,5,409,219,46,81.8,5889.2,0.262852,0.001257,0.197202,0.017064,4,248,104,46,62,792,0.263728,3.00E-06,0.175403,0.023074,-1
157315588,1333164109,56223,443,0.907334,5,386,196,46,77.2,4417.2,0.302079,0.001249,0.226833,0.022617,4,248,104,46,62,792,0.30344,2.00E-06,0.201758,0.03053,-1
157315842,1333164109,56229,443,0.808777,5,391,201,46,78.2,4719.2,0.269722,0.001127,0.202194,0.017968,4,248,104,46,62,792,0.270368,1.70E-05,0.179981,0.02429,-1
157316413,1333164110,56233,443,0.860472,5,410,220,46,82,5958,0.288981,0.001622,0.215118,0.020262,4,248,104,46,62,792,0.288754,5.00E-06,0.191864,0.027608,-1
157316434,1333164110,56234,443,0.813034,5,391,201,46,78.2,4719.2,0.270964,0.002001,0.203258,0.018002,4,248,104,46,62,792,0.272446,3.00E-06,0.181017,0.024575,-1
157316941,1333164110,56238,443,0.853011,5,409,219,46,81.8,5889.2,0.284213,0.001214,0.213253,0.019982,4,248,104,46,62,792,0.285211,2.00E-06,0.189728,0.026997,-1
157317140,1333164110,56240,443,0.831151,5,388,198,46,77.6,4536.8,0.277083,0.001384,0.207788,0.018935,4,248,104,46,62,792,0.27797,9.20E-05,0.184979,0.025638,-1
157317059,1333164110,56239,443,3.804002,6,628,219,46,104.666667,7848.666667,2.456483,0.001132,0.7608,0.98546,6,398,104,46,66.333333,856.666667,2.188639,2.00E-06,0.707347,0.772679,-1
157317650,1333164111,56243,443,0.778811,5,409,219,46,81.8,5889.2,0.259217,0.001637,0.194703,0.016566,4,248,104,46,62,792,0.260846,6.00E-06,0.173277,0.022518,-1
157317962,1333164111,56246,443,0.879266,5,362,172,46,72.4,3106.8,0.293114,0.000649,0.219817,0.021349,4,248,104,46,62,792,0.293291,4.00E-06,0.195509,0.028667,-1
157318540,1333164111,56249,443,0.87729,5,409,219,46,81.8,5889.2,0.292464,0.000997,0.219323,0.021185,4,248,104,46,62,792,0.292847,1.10E-05,0.195028,0.028524,-1
157319030,1333164112,56254,443,0.772727,5,409,219,46,81.8,5889.2,0.257459,0.000915,0.193182,0.01643,4,248,104,46,62,792,0.25837,5.00E-06,0.17186,0.022151,-1
157319701,1333164112,56259,443,0.843163,5,409,219,46,81.8,5889.2,0.281229,0.001285,0.210791,0.019508,4,248,104,46,62,792,0.282221,5.00E-06,0.187596,0.026393,-1
157320092,1333164113,56260,443,0.778159,5,386,196,46,77.2,4417.2,0.259268,0.00095,0.19454,0.016657,4,248,104,46,62,792,0.259851,2.00E-06,0.172943,0.022432,-1
157320115,1333164113,56261,443,0.81059,5,410,220,46,82,5958,0.27066,0.001452,0.202647,0.017991,4,248,104,46,62,792,0.271081,0.000118,0.180433,0.024385,-1
157321213,1333164113,56269,443,0.797489,5,391,201,46,78.2,4719.2,0.265596,0.001543,0.199372,0.017394,4,248,104,46,62,792,0.2665,3.00E-06,0.177337,0.023586,-1
157321657,1333164114,56271,443,0.874622,5,404,214,46,80.8,5551.2,0.291376,0.001623,0.218656,0.020935,4,248,104,46,62,792,0.292408,1.30E-05,0.194818,0.028462,-1
157321733,1333164114,56273,443,0.842676,5,404,214,46,80.8,5551.2,0.280815,0.001624,0.210669,0.019422,4,248,104,46,62,792,0.282082,2.00E-06,0.187519,0.026373,-1
157322408,1333164114,56277,443,0.817873,5,404,214,46,80.8,5551.2,0.272603,0.000883,0.204468,0.018421,4,248,104,46,62,792,0.273216,5.00E-06,0.18195,0.024828,-1
157322636,1333164114,56279,443,0.836995,5,356,166,46,71.2,2815.2,0.279256,0.001493,0.209249,0.019184,4,248,104,46,62,792,0.279713,6.00E-06,0.18624,0.026012,-1
157321908,1333164114,56274,443,1.602718,6,450,214,46,75,4642.8,0.736924,0.000506,0.320544,0.069723,5,294,104,46,58.8,645.2,0.736765,3.40E-05,0.328687,0.092565,-1
157323180,1333164115,56281,443,0.822393,5,390,200,46,78,4658,0.27421,0.000906,0.205598,0.018622,4,248,104,46,62,792,0.274706,0.000142,0.182938,0.025061,-1
157323203,1333164115,56282,443,0.833377,5,423,233,46,84.6,6888.8,0.278118,0.001243,0.208344,0.019063,4,248,104,46,62,792,0.278431,4.00E-06,0.185475,0.0258,-1
157323456,1333164115,56284,443,0.773876,5,408,218,46,81.6,5820.8,0.257955,0.001269,0.193469,0.016418,4,248,104,46,62,792,0.259196,1.20E-05,0.172366,0.02228,-1
157323818,1333164115,56285,443,0.85691,5,419,229,46,83.8,6595.2,0.285766,0.000705,0.214227,0.020263,4,248,104,46,62,792,0.286493,5.00E-06,0.19053,0.027225,-1
157323956,1333164115,56287,443,0.794145,5,409,219,46,81.8,5889.2,0.264516,0.001541,0.198536,0.017248,4,248,104,46,62,792,0.265835,1.00E-05,0.176739,0.023425,-1
157324060,1333164116,56288,443,0.880877,5,391,201,46,78.2,4719.2,0.293835,0.000749,0.220219,0.021408,4,248,104,46,62,792,0.294518,5.00E-06,0.195934,0.028792,-1
157324142,1333164116,56289,443,0.884194,5,391,201,46,78.2,4719.2,0.294758,0.001325,0.221048,0.021457,4,248,104,46,62,792,0.295577,3.00E-06,0.196721,0.029024,-1
157324679,1333164116,56290,443,0.804912,5,410,220,46,82,5958,0.26941,0.000651,0.201228,0.017881,4,248,104,46,62,792,0.269231,4.00E-06,0.179201,0.024084,-1
157325127,1333164116,56294,443,0.810972,5,391,201,46,78.2,4719.2,0.270966,0.000735,0.202743,0.018137,4,248,104,46,62,792,0.27141,1.70E-05,0.180838,0.024522,-1
157324781,1333164116,56291,443,1.599486,6,450,214,46,75,4642.8,0.729379,0.001521,0.319897,0.067951,5,294,104,46,58.8,645.2,0.729584,2.00E-06,0.327561,0.090563,-1
157324817,1333164116,56292,443,1.590992,6,456,220,46,76,4982.4,0.728362,0.000897,0.318198,0.067948,5,294,104,46,58.8,645.2,0.72954,5.00E-06,0.326127,0.090695,-1
157326188,1333164117,56306,443,0.858096,5,389,199,46,77.8,4597.2,0.285951,0.000879,0.214524,0.020286,4,248,104,46,62,792,0.286547,0.000123,0.190795,0.027267,-1
157325674,1333164117,56301,443,3.86795,7,513,219,46,73.285714,4137.571429,3.002181,0.000751,0.644658,1.353658,6,352,104,46,58.666667,501.866667,2.999675,1.00E-05,0.715728,1.650776,-1
157325770,1333164117,56304,443,3.788163,6,460,218,46,76.666667,4802.666667,2.993402,0.001259,0.757633,1.575076,4,248,104,46,62,792,0.26573,0.000214,0.176978,0.023434,-1
157326898,1333164118,56308,443,0.8003,5,409,219,46,81.8,5889.2,0.266956,0.00087,0.200075,0.017637,4,248,104,46,62,792,0.267216,3.00E-06,0.177776,0.023703,-1
157327179,1333164118,56309,443,0.866448,5,409,219,46,81.8,5889.2,0.288559,0.001542,0.216612,0.020558,4,248,104,46,62,792,0.289798,2.00E-06,0.192747,0.027863,-1
157327931,1333164118,56311,443,0.859023,5,409,219,46,81.8,5889.2,0.286351,0.001116,0.214756,0.020285,4,248,104,46,62,792,0.287109,0.000114,0.191016,0.027333,-1
157328315,1333164119,56312,443,0.881174,5,409,219,46,81.8,5889.2,0.293385,0.001284,0.220293,0.021318,4,248,104,46,62,792,0.294841,2.00E-06,0.195973,0.028804,-1
157329013,1333164119,56314,443,0.795557,5,390,200,46,78,4658,0.265335,0.000891,0.198889,0.017424,4,248,104,46,62,792,0.266052,0.000236,0.17703,0.023443,-1
157345752,1333164132,56330,443,0.784445,5,390,200,46,78,4658,0.261593,0.001009,0.196111,0.016918,4,248,104,46,62,792,0.261705,1.00E-05,0.17431,0.022785,-1
157368458,1333164149,56347,443,0.846351,5,388,198,46,77.6,4536.8,0.282445,0.000637,0.211588,0.019778,4,248,104,46,62,792,0.28275,9.60E-05,0.188479,0.026616,-1
157370218,1333164151,56352,443,0.891975,5,421,231,46,84.2,6741.2,0.297456,0.000745,0.222994,0.021953,4,248,104,46,62,792,0.298082,6.30E-05,0.198423,0.02951,-1
157405287,1333164178,56373,443,0.788816,5,388,198,46,77.6,4536.8,0.263095,0.00112,0.197204,0.017089,4,248,104,46,62,792,0.263842,3.00E-06,0.175525,0.023106,-1
157405680,1333164178,56385,443,0.856044,5,371,181,46,74.2,3571.2,0.285476,0.000879,0.214011,0.020189,4,248,104,46,62,792,0.285838,2.00E-06,0.190432,0.027198,-1
157407421,1333164180,56430,443,0.840753,5,409,219,46,81.8,5889.2,0.280089,0.00137,0.210188,0.01938,4,248,104,46,62,792,0.28146,7.00E-06,0.187104,0.026255,-1
157407902,1333164180,56451,443,0.785353,5,409,219,46,81.8,5889.2,0.261601,0.001147,0.196338,0.016933,4,248,104,46,62,792,0.262575,8.00E-06,0.174692,0.022886,-1
157408130,1333164180,56456,443,0.804827,5,409,219,46,81.8,5889.2,0.268349,0.000764,0.201207,0.017857,4,248,104,46,62,792,0.268838,2.00E-06,0.178978,0.024024,-1
157408131,1333164180,56457,443,0.816301,5,409,219,46,81.8,5889.2,0.272526,0.000218,0.204075,0.01847,4,248,104,46,62,792,0.272861,0.000109,0.181563,0.024695,-1
157408164,1333164180,56459,443,0.867685,5,409,219,46,81.8,5889.2,0.289078,0.000999,0.216921,0.020721,4,248,104,46,62,792,0.289803,0.000147,0.192972,0.027886,-1
157408581,1333164181,56464,443,0.828492,5,409,219,46,81.8,5889.2,0.276035,0.000653,0.207123,0.018947,4,248,104,46,62,792,0.276501,2.00E-06,0.18428,0.025469,-1
157408856,1333164181,56466,443,0.859888,5,409,219,46,81.8,5889.2,0.28646,0.001116,0.214972,0.020326,4,248,104,46,62,792,0.287334,4.00E-06,0.191239,0.027428,-1
157409810,1333164181,56475,443,0.875143,5,409,219,46,81.8,5889.2,0.291351,0.001624,0.218786,0.02096,4,248,104,46,62,792,0.292711,3.00E-06,0.194609,0.028404,-1
157409831,1333164181,56476,443,0.829643,5,409,219,46,81.8,5889.2,0.276584,0.000635,0.207411,0.019003,4,248,104,46,62,792,0.276963,5.00E-06,0.184452,0.025516,-1
157410225,1333164182,56478,443,0.861657,5,410,220,46,82,5958,0.2871,0.001245,0.215414,0.020386,4,248,104,46,62,792,0.288205,8.00E-06,0.191724,0.027567,-1
157410523,1333164182,56480,443,0.839247,5,409,219,46,81.8,5889.2,0.279833,0.000666,0.209812,0.019441,4,248,104,46,62,792,0.280234,7.00E-06,0.186606,0.026114,-1
157411706,1333164183,56488,443,0.790304,5,410,220,46,82,5958,0.263356,0.001621,0.197576,0.017066,4,248,104,46,62,792,0.264729,9.00E-06,0.175902,0.023205,-1
157411879,1333164183,56489,443,0.868135,5,410,220,46,82,5958,0.289391,0.000987,0.217034,0.020745,4,248,104,46,62,792,0.289929,3.00E-06,0.193091,0.027962,-1
157411915,1333164183,56490,443,0.856773,5,410,220,46,82,5958,0.285604,0.000776,0.214193,0.020243,4,248,104,46,62,792,0.286054,2.00E-06,0.19047,0.027209,-1
157411918,1333164183,56491,443,0.843153,5,389,199,46,77.8,4597.2,0.2811,0.000852,0.210788,0.019588,4,248,104,46,62,792,0.281484,0.000183,0.187562,0.026333,-1
157412049,1333164183,56492,443,0.799101,5,410,220,46,82,5958,0.266374,0.001507,0.199775,0.017471,4,248,104,46,62,792,0.26766,2.00E-06,0.177859,0.023726,-1
157412579,1333164184,56494,443,0.852136,5,410,220,46,82,5958,0.283928,0.001288,0.213034,0.019927,4,248,104,46,62,792,0.284999,4.00E-06,0.189554,0.026947,-1
157412604,1333164184,56496,443,0.877423,5,410,220,46,82,5958,0.292333,0.000899,0.219356,0.02121,4,248,104,46,62,792,0.293185,2.80E-05,0.195111,0.028543,-1
157412702,1333164184,56497,443,0.808287,5,410,220,46,82,5958,0.269348,0.001499,0.202072,0.01788,4,248,104,46,62,792,0.270481,2.00E-06,0.179903,0.024274,-1
157413079,1333164184,56498,443,0.834294,5,410,220,46,82,5958,0.278171,0.001019,0.208574,0.019146,4,248,104,46,62,792,0.278796,0.000106,0.185421,0.025757,-1
157413320,1333164184,56500,443,0.862112,5,410,220,46,82,5958,0.287498,0.000869,0.215528,0.020479,4,248,104,46,62,792,0.288493,0.000114,0.191849,0.027572,-1
157413973,1333164185,56504,443,0.840959,5,410,220,46,82,5958,0.279878,0.001995,0.21024,0.019274,4,248,104,46,62,792,0.281686,2.50E-05,0.187153,0.026264,-1
157414163,1333164185,56505,443,0.85426,5,410,220,46,82,5958,0.283135,0.005125,0.213565,0.01931,4,248,104,46,62,792,0.288343,8.00E-06,0.190428,0.027202,-1
157436017,1333164202,56510,443,0.826286,5,410,220,46,82,5958,0.275236,0.001484,0.206571,0.018694,4,248,104,46,62,792,0.27643,3.00E-06,0.183881,0.025359,-1
157601712,1333164283,56535,443,0.86789,5,356,166,46,71.2,2815.2,0.289218,0.001369,0.216972,0.02066,4,248,104,46,62,792,0.290208,2.00E-06,0.193099,0.027965,-1
157603726,1333164284,56538,443,0.778444,5,388,198,46,77.6,4536.8,0.259327,0.001643,0.194611,0.01655,4,248,104,46,62,792,0.260729,7.00E-06,0.173278,0.022518,-1
157702616,1333164366,56555,443,0.847639,5,372,182,46,74.4,3624.8,0.282223,0.001609,0.21191,0.019656,4,248,104,46,62,792,0.283695,3.00E-06,0.188587,0.026674,-1
